"ID","Doodadpath","Flags"
"1","ElwFlo01.mdl","0"
"2","ElwFlo02.mdl","0"
"3","ElwFlo03.mdl","0"
"4","ElwGra01.mdl","0"
"5","ElwGra02.mdl","0"
"6","ElwGra03.mdl","0"
"7","ElwGra04.mdl","0"
"8","ElwGra05.mdl","0"
"9","ElwGra06.mdl","0"
"10","ElwGra07.mdl","0"
"11","ElwGra08.mdl","0"
"12","ElwRoc01.mdl","0"
"13","ElwRoc02.mdl","0"
"14","ElwFlo03.mdl","0"
"15","WesWea04.mdl","0"
"16","WesWea03.mdl","0"
"17","WesWea02.mdl","0"
"18","WesWea01.mdl","0"
"19","WesShe03.mdl","0"
"20","WesShe02.mdl","0"
"21","WesShe01.mdl","0"
"22","WesRoc02.mdl","0"
"23","WesRoc01.mdl","0"
"24","WesGra04.mdl","0"
"25","WesGra03.mdl","0"
"26","WesGra02.mdl","0"
"27","WesGra01.mdl","0"
"28","WesFlo01.mdl","0"
"29","WesBus03.mdl","0"
"30","WesBus02.mdl","0"
"31","WesBus01.mdl","0"
"32","DskFlo02.mdl","0"
"33","DskGra01.mdl","0"
"34","DskFlo01.mdl","0"
"35","DskGra02.mdl","0"
"36","DskGra03.mdl","0"
"37","DskGra04.mdl","0"
"38","DskGra05.mdl","0"
"39","DskGra06.mdl","0"
"40","RedBus01.mdl","0"
"41","RedRoc02.mdl","0"
"42","RedRoc01.mdl","0"
"43","RedGra02.mdl","0"
"44","RedGra01.mdl","0"
"45","RedFlo04.mdl","0"
"46","RedFlo03.mdl","0"
"47","RedFlo02.mdl","0"
"48","RedFlo01.mdl","0"
"49","RedBus02.mdl","0"
"50","StlGra03.mdl","0"
"51","StlGra02.mdl","0"
"52","StlGra01.mdl","0"
"53","StlFlo01.mdl","0"
"54","StlFlo03.mdl","0"
"55","StlFlo02.mdl","0"
"56","StlFlo05.mdl","0"
"57","StlFlo04.mdl","0"
"58","StlBus03.mdl","0"
"59","StlBus02.mdl","0"
"60","StlBus01.mdl","0"
"61","StlRoc01.mdl","0"
"62","StlRoc02.mdl","0"
"63","BlaRoc01.mdl","0"
"64","BlaRoc02.mdl","0"
"65","BlaRoc03.mdl","0"
"66","BlaRoc04.mdl","0"
"67","BlaRoc11.mdl","0"
"68","BlaRoc12.mdl","0"
"69","BlaRoc13.mdl","0"
"70","BlaRoc05.mdl","0"
"71","BlaRoc06.mdl","0"
"72","BlaRoc07.mdl","0"
"73","BlaRoc08.mdl","0"
"74","SosBus02.mdl","0"
"75","SosBus05.mdl","0"
"76","SosBus03.mdl","0"
"77","SosFlo03.mdl","0"
"78","SosFlo02.mdl","0"
"79","SosFlo01.mdl","0"
"80","SosGra07.mdl","0"
"81","SosGra05.mdl","0"
"82","SosGra04.mdl","0"
"83","SosGra02.mdl","0"
"84","SosBus01.mdl","0"
"85","SosGra01.mdl","0"
"86","BadBus01.mdl","0"
"87","BadBus02.mdl","0"
"88","BadBus03.mdl","0"
"89","BadBus04.mdl","0"
"90","BadBus05.mdl","0"
"91","BadBus06.mdl","0"
"92","BadBus07.mdl","0"
"93","BadBus08.mdl","0"
"94","BadGra01.mdl","0"
"95","BadGra02.mdl","0"
"96","BadRoc01.mdl","0"
"97","BadRoc02.mdl","0"
"98","BadRoc03.mdl","0"
"99","BstBra01.mdl","0"
"100","BstBra02.mdl","0"
"101","BstBra03.mdl","0"
"102","BstBra04.mdl","0"
"103","BstBra05.mdl","0"
"104","BstBra06.mdl","0"
"105","BstBra07.mdl","0"
"106","BstBra08.mdl","0"
"107","BstRoc01.mdl","0"
"108","BstRoc02.mdl","0"
"109","BstRoc03.mdl","0"
"110","BstRoc04.mdl","0"
"111","BstRoc05.mdl","0"
"112","DunGra04.mdl","0"
"113","DunGra03.mdl","0"
"114","DunGra02.mdl","0"
"115","DunGra01.mdl","0"
"116","DunBus01.mdl","0"
"117","DunBus02.mdl","0"
"118","DunBus03.mdl","0"
"119","DunBra04.mdl","0"
"120","DwpWea04.mdl","0"
"121","DwpWea03.mdl","0"
"122","DwpWea02.mdl","0"
"123","DwpWea01.mdl","0"
"124","DwpRoc03.mdl","0"
"125","DwpRoc02.mdl","0"
"126","DwpRoc01.mdl","0"
"127","DwpGra03.mdl","0"
"128","DwpGra02.mdl","0"
"129","DwpGra01.mdl","0"
"130","DwpBra03.mdl","0"
"131","DwpBra02.mdl","0"
"132","DwpBra01.mdl","0"
"133","WetGra03.mdl","0"
"134","WetGra02.mdl","0"
"135","WetGra01.mdl","0"
"136","WetFlo04.mdl","0"
"137","WetFlo03.mdl","0"
"138","WetFlo02.mdl","0"
"139","WetBus03.mdl","0"
"140","WetBus02.mdl","0"
"141","WetBus01.mdl","0"
"142","WetFlo05.mdl","0"
"143","LchFlo01.mdl","0"
"144","LchFlo02.mdl","0"
"145","LchFlo03.mdl","0"
"146","LchFlo04.mdl","0"
"147","LchFlo05.mdl","0"
"148","LchFlo06.mdl","0"
"149","LchFlo07.mdl","0"
"150","DwmBus01.mdl","0"
"151","DwmBus02.mdl","0"
"152","DwmBus03.mdl","0"
"153","DwmBus04.mdl","0"
"154","DwmBus05.mdl","0"
"155","DwmGra01.mdl","0"
"156","DwmGra02.mdl","0"
"157","DwmGra03.mdl","0"
"158","DwmGra04.mdl","0"
"159","DwmGra05.mdl","0"
"160","DwmGra06.mdl","0"
"161","DwmRoc01.mdl","0"
"162","DwmRoc02.mdl","0"
"163","TirisfallTho01.mdl","0"
"164","TirisfallTho02.mdl","0"
"165","TirisfallBus02.mdl","0"
"166","TirisfallTho05.mdl","0"
"167","TirisfallPla01.mdl","0"
"168","TirisfallTho03.mdl","0"
"169","TirisfallGra01.mdl","0"
"170","TirisfallBus01.mdl","0"
"171","Tirisfallsap01.mdl","0"
"172","TirisfallRoc01.mdl","0"
"173","TirisfallRoc02.mdl","0"
"174","LchRoc04.mdl","0"
"175","LchRoc03.mdl","0"
"176","LchRoc02.mdl","0"
"177","LchRoc01.mdl","0"
"178","SilverPineVine01.mdl","0"
"179","SilverPinesap01.mdl","0"
"180","SilverPineGra01.mdl","0"
"181","SilverPineFlo03.mdl","0"
"182","SilverPineFlo02.mdl","0"
"183","SilverPineFlo01.mdl","0"
"184","SilverPineBus02.mdl","0"
"185","SilverPineBus01.mdl","0"
"186","KalGra03.mdl","0"
"187","KalGra02.mdl","0"
"188","KalGra01.mdl","0"
"189","KalFlo04.mdl","0"
"190","KalFlo03.mdl","0"
"191","KalBus04.mdl","0"
"192","KalBus02.mdl","0"
"193","DrkBus01.mdl","0"
"194","DrkBus01.mdl","0"
"195","DrkBus02.mdl","0"
"196","DrkBus03.mdl","0"
"197","DrkBus04.mdl","0"
"198","DrkBus05.mdl","0"
"199","DrkBus06.mdl","0"
"200","DrkBus07.mdl","0"
"201","DrkGra01.mdl","0"
"202","DrkGra02.mdl","0"
"203","DrkGra03.mdl","0"
"204","DrkGra04.mdl","0"
"205","DrkGra05.mdl","0"
"206","DrkGra06.mdl","0"
"207","DurGra03.mdx","0"
"208","DurGra02.mdx","0"
"209","DurGra01.mdx","0"
"210","DurBus06.mdx","0"
"211","DurBus05.mdx","0"
"212","DurBus04.mdx","0"
"213","DurBus03.mdx","0"
"214","DurBus02.mdx","0"
"215","DurBus01.mdx","0"
"216","ArhBus01.mdx","0"
"217","AtcGra04.mdx","0"
"218","AtcGra03.mdx","0"
"219","AtcGra02.mdx","0"
"220","AtcGra01.mdx","0"
"221","AtcFlo01.mdx","0"
"222","AtcBus05.mdx","0"
"223","AtcBus04.mdx","0"
"224","AtcBus03.mdx","0"
"225","AtcBus02.mdx","0"
"226","AtcBus01.mdx","0"
"227","ApkBus01.mdx","0"
"228","ApkBus02.mdx","0"
"229","ApkBus03.mdx","0"
"230","ApkBus04.mdx","0"
"231","ApkBus05.mdx","0"
"232","ApkFlo01.mdx","0"
"233","ApkFlo02.mdx","0"
"234","ApkFlo03.mdx","0"
"235","ApkGra01.mdx","0"
"236","ApkGra02.mdx","0"
"237","ApkGra03.mdx","0"
"238","ApkGra04.mdx","0"
"239","MulBus01.mdx","0"
"240","MulBus02.mdx","0"
"241","MulFlo01.mdx","0"
"242","MulGra01.mdx","0"
"243","MulGra02.mdx","0"
"244","MulGra03.mdx","0"
"245","MulGra04.mdx","0"
"246","MulGra05.mdx","0"
"247","MulGra06.mdx","0"
"248","LchBus01.mdx","0"
"249","LchGra01.mdx","0"
"250","LchFlo09.mdx","0"
"251","LchFlo08.mdx","0"
"252","WetFlo01.mdx","0"
"253","ArathiFlo01.mdx","0"
"254","ArathiFlo02.mdx","0"
"255","ArathiGra01.mdx","0"
"256","ArathiGra02.mdx","0"
"257","ArathiGra03.mdx","0"
"258","ArathiGra04.mdx","0"
"259","ArathiGra05.mdx","0"
"260","ArathiPla01.mdx","0"
"261","ArathiPla02.mdx","0"
"262","ArathiPla03.mdx","0"
"263","ArathiRoc01.mdx","0"
"264","ArathiRoc02.mdx","0"
"265","ArathiScr01.mdx","0"
"266","BarGra03.mdx","0"
"267","BarGra04.mdx","0"
"268","BarGra05.mdx","0"
"269","BarGra06.mdx","0"
"270","BarGra07.mdx","0"
"271","BarBus01.mdx","0"
"272","BarBus02.mdx","0"
"273","BlaRoc05.mdx","0"
"274","BarRoc05.mdx","0"
"275","BarRoc02.mdx","0"
"276","BarRoc01.mdx","0"
"277","EplBon01.mdx","0"
"278","EplBon02.mdx","0"
"279","EplBon03.mdx","0"
"280","EplBon04.mdx","0"
"281","EplBon05.mdx","0"
"282","EplBon06.mdx","0"
"283","EplBus01.mdx","0"
"284","EplBus02.mdx","0"
"285","EplBus03.mdx","0"
"286","EplBus04.mdx","0"
"287","EplBus05.mdx","0"
"288","EplBus06.mdx","0"
"289","EplBus07.mdx","0"
"290","EplGra01.mdx","0"
"291","EplGra02.mdx","0"
"292","EplGra03.mdx","0"
"293","EplMus01.mdx","0"
"294","EplMus02.mdx","0"
"295","DurRoc04.mdx","0"
"296","DurRoc03.mdx","0"
"297","DurRoc02.mdx","0"
"298","DurRoc01.mdx","0"
"299","BarGra08.mdx","0"
"300","TifBus01.mdx","0"
"301","TifBus02.mdx","0"
"302","TifCon01.mdx","0"
"303","TifCon02.mdx","0"
"304","TifGra01.mdx","0"
"305","TifPla01.mdx","0"
"306","TifRoc01.mdx","0"
"307","TifRoc02.mdx","0"
"308","Tifsap01.mdx","0"
"309","TifTho01.mdx","0"
"310","TifTho02.mdx","0"
"311","TifTho04.mdx","0"
"312","TifTho03.mdx","0"
"313","TifShl01.mdx","0"
"314","TifShl02.mdx","0"
"315","TifShl03.mdx","0"
"316","FelGra04.mdx","0"
"317","FelGra03.mdx","0"
"318","FelGra02.mdx","0"
"319","FelGra01.mdx","0"
"320","FelFlo02.mdx","0"
"321","FelFlo01.mdx","0"
"322","FelBus04.mdx","0"
"323","FelBus03.mdx","0"
"324","FelBus02.mdx","0"
"325","FelBus01.mdx","0"
"326","MulBus04.mdx","0"
"327","MulRoc01.mdx","0"
"328","MulRoc02.mdx","0"
"329","DurIro02.mdx","0"
"330","DurIro01.mdx","0"
"331","DurIgr04.mdx","0"
"332","DurIgr03.mdx","0"
"333","DurIgr02.mdx","0"
"334","DurIgr01.mdx","0"
"335","DurIFl05.mdx","0"
"336","DurIFl04.mdx","0"
"337","DurIFl03.mdx","0"
"338","DurIFl02.mdx","0"
"339","DurIFl01.mdx","0"
"340","DurIbu03.mdx","0"
"341","DurIbu02.mdx","0"
"342","DurIbu01.mdx","0"
"343","SivBus01.mdx","0"
"344","SivBus02.mdx","0"
"345","SivFlo03.mdx","0"
"346","SivFlo02.mdx","0"
"347","SivFlo01.mdx","0"
"348","SivSap01.mdx","0"
"349","SivVin01.mdx","0"
"350","DslRoc02.mdx","0"
"351","DslRoc01.mdx","0"
"352","ArhWet02.mdx","0"
"353","ArhWet01.mdx","0"
"354","ArhRoc02.mdx","0"
"355","ArhRoc01.mdx","0"
"356","ArhGra03.mdx","0"
"357","ArhGra02.mdx","0"
"358","ArhGra01.mdx","0"
"359","ArhFlo05.mdx","0"
"360","ArhFlo04.mdx","0"
"361","ArhFlo03.mdx","0"
"362","ArhFlo02.mdx","0"
"363","ArhFlo01.mdx","0"
"364","ArhBus02.mdx","0"
"365","ArhBus01.mdx","0"
"366","ArhBus01.mdx","0"
"367","DslBon05.mdx","1"
"368","DslBon06.mdx","1"
"369","DslBon01.mdx","1"
"370","AzhBus01.mdx","0"
"371","AzhBus02.mdx","0"
"372","AzhBus03.mdx","0"
"373","AzhBus04.mdx","0"
"374","AzhBus05.mdx","0"
"375","AzhBus06.mdx","0"
"376","AzhBus07.mdx","0"
"377","AzhBus08.mdx","0"
"378","AzhGra01.mdx","0"
"379","AzhGra02.mdx","0"
"390","UnwCor01.mdx","0"
"391","UnwCor02.mdx","0"
"392","UnwCor03.mdx","0"
"393","UnwCor04.mdx","0"
"410","Azhshel01.mdx","0"
"411","Azhshel02.mdx","0"
"412","Azhshel03.mdx","0"
"430","UnwCor05.mdx","0"
"431","UnwCor06.mdx","0"
"432","UnwCor07.mdx","0"
"433","UnwCor08.mdx","0"
"434","UnwCor09.mdx","0"
"435","UnwGra01.mdx","0"
"436","UnwGra02.mdx","0"
"437","UnwGra03.mdx","0"
"438","LchGra03.mdx","0"
"439","LchGra02.mdx","0"
"450","LakGra07.mdx","0"
"451","LakGra06.mdx","0"
"452","LakGra04.mdx","0"
"453","LakGra06.mdx","0"
"454","LakGra05.mdx","0"
"455","LakGra04.mdx","0"
"456","LakGra03.mdx","0"
"457","LakGra02.mdx","0"
"458","LakGra01.mdx","0"
"470","SivCon02.mdx","0"
"471","SivCon01.mdx","0"
"490","HyjBus05.mdx","0"
"491","HyjBus04.mdx","0"
"492","HyjBus03.mdx","0"
"493","HyjBus02.mdx","0"
"494","HyjBus01.mdx","0"
"510","StmBra01.mdx","0"
"511","StmBra02.mdx","0"
"512","StmBra03.mdx","0"
"513","StmBra04.mdx","0"
"514","StmGra01.mdx","0"
"515","StmGra02.mdx","0"
"516","StmGra03.mdx","0"
"517","StmGra04.mdx","0"
"518","StmGra05.mdx","0"
"519","HyjGra03.mdx","0"
"520","HyjGra02.mdx","0"
"521","HyjGra01.mdx","0"
"530","EmdGra06.mdx","0"
"531","EmdGra05.mdx","0"
"532","EmdGra04.mdx","0"
"533","EmdGra04.mdx","0"
"534","EmdGra03.mdx","0"
"535","EmdGra02.mdx","0"
"536","EmdGra01.mdx","0"
"537","EmdFlo02.mdx","0"
"538","EmdFlo01.mdx","0"
"550","EmdCre01.mdx","0"
"551","EmdCre02.mdx","0"
"552","EmdCre03.mdx","0"
"553","EmdCre04.mdx","0"
"554","EmdCre05.mdx","0"
"555","EmdCre06.mdx","0"
"570","PlagueLandsSpo01.mdx","0"
"571","PlagueLandsMus02.mdx","0"
"572","PlagueLandsFun02.mdx","0"
"573","PlagueLandsFun01.mdx","0"
"574","SmnFlo01.mdx","0"
"575","SmnFlo02.mdx","0"
"576","SmnFlo03.mdx","0"
"577","SmnGra01.mdx","0"
"578","SmnGra02.mdx","0"
"579","BlaRoc09.mdx","0"
"580","BlaRoc10.mdx","0"
"581","GstBus01.mdx","0"
"582","GstBus02.mdx","0"
"583","GstBus03.mdx","0"
"584","GstFlo01.mdx","0"
"585","GstFlo02.mdx","0"
"586","GstFlo03.mdx","0"
"587","GstGra01.mdx","0"
"588","GstGra02.mdx","0"
"589","GstGra03.mdx","0"
"590","DslBon08.mdx","1"
"591","DslBon07.mdx","1"
"592","DslBon02.mdx","1"
"593","DslBon03.mdx","1"
"594","DslBon04.mdx","1"
"595","NagGra04.mdx","0"
"596","NagGra03.mdx","0"
"597","NagGra02.mdx","0"
"598","NagGra01.mdx","0"
"599","TkrBra01.mdx","0"
"600","TkrBra02.mdx","0"
"601","TkrBra03.mdx","0"
"602","TkrGra01.mdx","0"
"603","TkrGra02.mdx","0"
"604","TkrGra03.mdx","0"
"605","TkrRoc01.mdx","0"
"606","TkrRoc02.mdx","0"
"607","TkrRoc03.mdx","0"
"608","TkrWea01.mdx","0"
"609","TkrWea02.mdx","0"
"610","TkrWea03.mdx","0"
"611","TkrWea04.mdx","0"
"612","NagrandTest.mdx","0"
"613","NagGra05.mdx","0"
"614","NagGra06.mdx","0"
"615","SivBus01.mdx","0"
"616","SivVin01.mdx","0"
"617","SivTho02.mdx","0"
"618","SivTho01.mdx","0"
"619","SivBus02.mdx","0"
"620","SivRoc01.mdx","0"
"621","SivRoc02.mdx","0"
"622","KalFlo01.mdx","0"
"623","KalFlo02.mdx","0"
"624","bmyBus01.mdx","0"
"625","bmyBus02.mdx","0"
"626","bmyBus03.mdx","0"
"627","bmyBus04.mdx","0"
"628","bmyBus05.mdx","0"
"629","bmyFlo01.mdx","0"
"630","bmyFlo02.mdx","0"
"631","bmyGra01.mdx","0"
"632","bmyGra02.mdx","0"
"633","bmyGra03.mdx","0"
"634","bmyGra04.mdx","0"
"635","smyFlo02.mdx","0"
"636","KalBus01.mdx","0"
"637","smyGra02.mdx","0"
"638","smyGra01.mdx","0"
"639","smyGra03.mdx","0"
"640","KalGra04.mdx","0"
"641","KalGra05.mdx","0"
"642","smyGra04.mdx","0"
"643","SosBus04.mdx","0"
"644","SosGra06.mdx","0"
"645","zmGra01.mdx","0"
"646","zmGra02.mdx","0"
"647","zmGra03.mdx","0"
"648","zmMush01.mdx","0"
"649","zmGra04.mdx","0"
"650","zmSpo05.mdx","0"
"651","zmGra06.mdx","0"
"652","zmGra07.mdx","0"
"653","NethRoc01.mdx","0"
"654","NethRoc02.mdx","0"
"655","smyBus05.mdx","0"
"656","SmnFlo03.mdx","0"
"657","UngGra04.mdx","0"
"658","SivGra01.mdx","0"
"659","PlagueLandsRoc01.mdx","0"
"660","HoFBushyC01.mdx","0"
"661","HoFBushyC02.mdx","0"
"662","HoFBushyB01.mdx","0"
"663","HoFBushyB02.mdx","0"
"664","HoFGrassyD01.mdx","0"
"665","HoFGrassyD02.mdx","0"
"666","ZDleaf01.mdx","1"
"667","BorGra01.mdx","0"
"668","ShoBus01.mdx","0"
"669","ShoBus02.mdx","0"
"670","ShoBus02.mdx","0"
"671","ShoBus03.mdx","0"
"672","ShoBus04.mdx","0"
"673","ShoBus06.mdx","0"
"674","DBGra01.mdx","0"
"675","DBGra02.mdx","0"
"676","DBGra03.mdx","0"
"677","DBGra04.mdx","0"
"678","DBBus03.mdx","0"
"679","DBBra04.mdx","0"
"680","ShoBus07.mdx","0"
"681","GHclov01.mdx","1"
"682","GHmush01.mdx","1"
"683","GHdan01.mdx","0"
"684","GHshrub01.mdx","1"
"685","GHshrub02.mdx","1"
"686","GHshrub03.mdx","1"
"687","ZDgra01.mdx","1"
"688","ZDgra02.mdx","0"
"689","ZDgra02.mdx","0"
"690","ZDleaf02.mdx","0"
"691","ZDrot01.mdx","0"
"692","ZDFlw01.mdx","0"
"693","ZDrot02.mdx","0"
"694","ZDstn01.mdx","1"
"695","ZDstn02.mdx","1"
"696","ZDgra03.mdx","0"
"697","ZDleaf04.mdx","0"
"698","CSBra01.mdx","1"
"699","CSClov01.mdx","1"
"700","CSCry01.mdx","1"
"701","CSGras01.mdx","1"
"702","CSGras02.mdx","1"
"703","CSGras03.mdx","1"
"704","CSGras04.mdx","1"
"705","CSShrub01.mdx","1"
"707","CSGras05.mdx","1"
"795","rsgra01.mdx","1"
"796","rsflo01.mdx","1"
"797","rsbra01.mdx","1"
"798","rsgra02.mdx","1"
"900","thweed01.mdx","0"
"901","thweed02.mdx","0"
"902","thgra01.mdx","0"
"903","thgra02.mdx","0"
"904","throc01.mdx","0"
"905","throc02.mdx","0"
"906","gilshrub01.mdx","0"
"907","gilshrub07.mdx","0"
"708","kalbus03.mdl","0"
"709","gilclov01.mdl","1"
"710","gilshrub01.mdl","1"
"711","gilshrub02.mdl","1"
"712","losbra01.mdl","1"
"713","losgra01.mdl","1"
"714","losgra02.mdl","1"
"715","losgra03.mdl","1"
"716","gilshrub03.mdl","1"
"717","gilshrub04.mdl","1"
"718","gilshrub04.mdl","1"
"719","gilshrub05.mdl","1"
"720","gilrose01.mdl","0"
"721","gilshrub06.mdl","1"
"722","cwlflo01.mdl","0"
"723","cwlflo02.mdl","0"
"724","cwlflo03.mdl","0"
"725","cwlflo04.mdl","0"
"726","cwlflo05.mdl","0"
"727","cwlflo06.mdl","0"
"728","cwlflo07.mdl","0"
"729","cwlshrub01.mdl","0"
"730","cwlshrub02.mdl","0"
"731","cwlshrub04.mdl","1"
"732","hyjpla01.mdl","0"
"733","hyjpla02.mdl","0"
"734","hyjpla03.mdl","0"
"735","hyjbra01.mdl","0"
"736","hyjbra02.mdl","0"
"737","hyjbra03.mdl","0"
"738","hyjroc01.mdl","0"
"739","hyjroc02.mdl","0"
"740","hyjgra04.mdl","0"
"741","vjshrub01.mdl","1"
"742","vjshrub02.mdl","1"
"743","vjweed01.mdl","0"
"744","vjweed02.mdl","0"
"745","vjweed03.mdl","0"
"746","vjweed04.mdl","0"
"747","vjweed05.mdl","0"
"748","kzban01.mdl","1"
"749","kzban02.mdl","1"
"750","kzcan01.mdl","1"
"751","kzcan02.mdl","1"
"752","kzgra01.mdl","0"
"753","kzgra02.mdl","0"
"754","kzgra03.mdl","0"
"755","kzpaper01.mdl","1"
"756","kzpaper02.mdl","1"
"757","kzpaper03.mdl","1"
"758","kzroc01.mdl","1"
"759","kzroc02.mdl","1"
"760","trollbus01.mdl","0"
"761","trollbus02.mdl","0"
"762","dungra04.mdl","0"
"763","durgra04.mdl","1"
"764","durgra04.mdl","1"
"765","durgra04.mdl","0"
"766","hyjbus06.mdl","0"
"767","hyjbus07.mdl","0"
"768","multho01.mdl","0"
"769","multho02.mdl","0"
"770","multho03.mdl","0"
"771","hyjgra05.mdl","0"
"772","hyjgra06.mdl","0"
"773","hyjgra07.mdl","0"
"774","hyjflo01.mdl","0"
"775","hyjflo02.mdl","0"
"776","hyjflo03.mdl","0"
"777","hyjflo04.mdl","0"
"778","hyjflo05.mdl","0"
"779","thbra01.mdl","1"
"780","thgra01.mdl","1"
"781","thgra02.mdl","1"
"782","throc01.mdl","1"
"783","throc02.mdl","1"
"784","thweed01.mdl","1"
"785","thweed02.mdl","1"
"786","vjbar03.mdl","1"
"787","dh_bra01.mdl","1"
"788","dh_bra02.mdl","1"
"789","dh_bus01.mdl","1"
"790","dh_bus02.mdl","1"
"791","dh_bus03.mdl","1"
"792","dh_roc01.mdl","0"
"793","dh_roc02.mdl","0"
"794","dh_roc03.mdl","0"
"799","ungbus01.mdl","0"
"800","ungbus02.mdl","0"
"801","unggra09.mdl","0"
"802","unggra10.mdl","0"
"803","swcflo01.mdl","1"
"804","swcflo02.mdl","1"
"805","swcgra01.mdl","1"
"806","swcgra02.mdl","1"
"807","swcmus01.mdl","1"
"808","uldgra01.mdl","1"
"809","uldgra02.mdl","1"
"810","uldreed01.mdl","1"
"811","uldweed01.mdl","1"
"812","uldweed02.mdl","1"
"813","dh_mus01.mdl","1"
"814","dh_mus02.mdl","1"
"815","dh_mus03.mdl","1"
"816","dh_pla01.mdl","1"
"817","dh_pla02.mdl","1"
"818","dh_ore01.mdl","0"
"819","dh_ore02.mdl","0"
"820","dh_ore03.mdl","0"
"821","dh_spo01.mdl","1"
"822","dh_spo02.mdl","1"
"823","dh_mus04.mdl","1"
"824","dh_mus05.mdl","1"
"825","dh_mus06.mdl","1"
"826","dh_gra01.mdl","1"
"827","thcor01.mdl","0"
"828","thcor02.mdl","0"
"829","thcor03.mdl","0"
"830","vjweed08.mdl","0"
"831","sivgra01.mdl","1"
"832","sivgra02.mdl","1"
"833","sivgra03.mdl","1"
"834","sivpla01.mdl","1"
"835","uldweed03.mdl","0"
"836","uldweed03.mdl","0"
"837","dh_roc04.mdl","1"
"838","dh_roc05.mdl","1"
"839","dh_roc06.mdl","1"
"840","dh_roc07.mdl","1"
"841","dh_roc08.mdl","1"
"842","throc03.mdl","1"
"843","throc04.mdl","1"
"844","gilshrub07.mdl","0"
"845","fl_roc01.mdl","0"
"846","fl_roc02.mdl","0"
"847","fl_roc03.mdl","0"
"848","fl_roc04.mdl","0"
"849","fl_roc05.mdl","0"
"850","fl_roc06.mdl","0"
"851","fl_roc07.mdl","0"
"852","fl_roc08.mdl","0"
"853","fl_roc09.mdl","0"
"854","fl_roc10.mdl","0"
"855","tu_bus01.mdl","0"
"856","tu_bus01.mdl","0"
"857","tu_bus02.mdl","0"
"858","tu_bus03.mdl","0"
"859","tu_bus04.mdl","1"
"860","tu_bus05.mdl","0"
"861","tu_roc01.mdl","0"
"862","tu_roc02.mdl","0"
"863","vfwbam01.mdl","0"
"864","vfwbam02.mdl","0"
"865","vfwbus01.mdl","0"
"866","vfwbus02.mdl","0"
"867","vfwflo01.mdl","0"
"868","vfwflo02.mdl","0"
"869","vfwflo03.mdl","0"
"870","vfwmus01.mdl","0"
"871","vfwmus02.mdl","0"
"872","vfwmus03.mdl","0"
"873","vfwroc01.mdl","0"
"874","vfwroc02.mdl","0"
"875","vfwshr01.mdl","0"
"876","vfwshr02.mdl","0"
"877","vfwshr03.mdl","0"
"878","v4wcab01.mdl","0"
"879","v4wcab02.mdl","0"
"880","v4wcab03.mdl","0"
"881","v4wcab01.mdl","0"
"882","v4wfrn01.mdl","0"
"883","v4wfrn02.mdl","0"
"884","v4wfrn03.mdl","0"
"885","v4wfrn04.mdl","0"
"886","v4wfrn05.mdl","0"
"887","v4wfrn06.mdl","0"
"888","v4wjlv01.mdl","1"
"889","v4wjlv02.mdl","1"
"890","v4wjlv02.mdl","1"
"891","v4wjlv03.mdl","1"
"892","v4wjlv03.mdl","1"
"893","v4wjlv04.mdl","1"
"894","v4wjlv05.mdl","1"
"895","v4wjlv07.mdl","1"
"896","v4wjlv06.mdl","1"
"897","v4wjlv08.mdl","1"
"898","v4wmos01.mdl","0"
"899","v4wmos02.mdl","0"
"908","v4wgra04.mdl","0"
"909","v4wgra05.mdl","0"
"910","v4wgra06.mdl","0"
"911","v4wgra07.mdl","0"
"912","v4wivy01.mdl","0"
"913","v4wivy02.mdl","0"
"914","v4wivy03.mdl","0"
"915","v4wivy04.mdl","0"
"916","klsbus01.mdl","0"
"917","klsbus02.mdl","0"
"918","klsbus03.mdl","0"
"919","klsbus04.mdl","0"
"920","klsbus05.mdl","0"
"921","klsgra01.mdl","0"
"922","klsgra02.mdl","0"
"923","klsgra03.mdl","0"
"924","klsgra04.mdl","0"
"925","klsgra05.mdl","0"
"926","klsgra06.mdl","0"
"927","klsroc01.mdl","0"
"928","klssno01.mdl","0"
"929","tu_bus01_blue.mdl","0"
"930","tu_bus02_blue.mdl","0"
"931","tu_bus03_blue.mdl","0"
"932","tu_bus05_blue.mdl","0"
"933","tu_bus05_blue.mdl","0"
"934","tu_bus04_blue.mdl","0"
"935","v4wgra08.mdl","0"
"936","v4wgra09.mdl","0"
"937","v4wgra10.mdl","0"
"938","v4wgra11.mdl","0"
"939","v4wgra12.mdl","0"
"940","mzbus01.mdl","0"
"941","mzbus02.mdl","1"
"942","mzbus03.mdl","0"
"943","mzflo01.mdl","0"
"944","mzflo02.mdl","0"
"945","mzflo03.mdl","0"
"946","mzgra01.mdl","0"
"947","mzgra02.mdl","0"
"948","mzgra03.mdl","0"
"949","klsivy01.mdl","0"
"950","klsivy02.mdl","0"
"951","klsivy03.mdl","0"
"952","klsivy04.mdl","0"
"953","vebflw1.mdl","0"
"954","vebflw2.mdl","0"
"955","vebflw3.mdl","0"
"956","vebflw4.mdl","0"
"957","vebflw5.mdl","0"
"958","vebflw6.mdl","0"
"959","vebflw7.mdl","0"
"960","vebgrs1.mdl","0"
"961","vebgrs2.mdl","0"
"962","vebgrs3.mdl","0"
"963","vebgrs4.mdl","0"
"964","vebgrs5.mdl","0"
"965","vebgrs6.mdl","0"
"966","vebgrs7.mdl","0"
"967","vebgrs11.mdl","0"
"968","vebgrs12.mdl","0"
"969","vebgrs13.mdl","0"
"970","vebgrs14.mdl","0"
"971","vebgrs14.mdl","0"
"972","vebgrs15.mdl","0"
"973","vebgrs16.mdl","0"
"974","vebgrs17.mdl","0"
"975","klsflo01.mdl","0"
"976","v4wflw01.mdl","0"
"977","v4wflw02.mdl","0"
"978","v4wflw03.mdl","0"
"979","v4wflw04.mdl","0"
"980","v4wflw05.mdl","0"
"981","v4wflw06.mdl","0"
"982","v4wflw07.mdl","0"
"983","v4wflw08.mdl","0"
"984","v4wflw09.mdl","0"
"986","mzsha01.mdl","1"
"987","mzsha02.mdl","1"
"988","mzsha03.mdl","1"
"989","mzsha04.mdl","1"
"990","vfwroc04.mdl","1"
"991","vfwroc03.mdl","1"
"992","vfwroc05.mdl","1"
"993","vfwroc06.mdl","1"
"994","vfwroc07.mdl","1"
"995","vfwroc08.mdl","1"
"996","v4wdrt01.mdl","1"
"997","v4wdrt02.mdl","1"
"998","v4wdrt03.mdl","1"
"999","v4wdrt04.mdl","1"
"1000","v4wdrt05.mdl","1"
"1001","v4wdrt06.mdl","1"
"1034","mzflo04.mdl","1"
"1049","mzgradry01.mdl","0"
"1050","mzgradry02.mdl","0"
"1051","mzgradry03.mdl","0"
"1052","v4wmos06.mdl","0"
"1053","v4wmos07.mdl","0"
"1055","mzgrawarm01.mdl","0"
"1056","mzgrawarm02.mdl","0"
"1057","mzgrawarm03.mdl","0"
"1078","itkdirt01.mdl","1"
"1079","itkdirt02.mdl","1"
"1080","itkflower01.mdl","1"
"1081","itkgrass01.mdl","0"
"1082","itkgrass02.mdl","0"
"1083","itkgrass03.mdl","0"
"1084","itkgrass04.mdl","0"
"1085","itklichen01.mdl","1"
"1086","itklichen02.mdl","1"
"1087","itkmoss01.mdl","1"
"1088","itkmoss02.mdl","0"
"1089","itkmoss03.mdl","0"
"1090","itkmoss04.mdl","0"
"1091","itkpebble01.mdl","0"
"1092","itkpebble02.mdl","0"
"1093","itkroot01.mdl","1"
"1094","itkroot02.mdl","1"
"1095","itkstick01.mdl","0"
"1096","itkstick02.mdl","0"
"1111","itkdeadgrass01.mdl","0"
"1112","itkdeadgrass02.mdl","0"
"1113","itkthorns01.mdl","1"
"1114","itkthorns02.mdl","1"
"1119","itkmush01.mdl","0"
"1120","itkmush02.mdl","0"
"1122","itkbone01.mdl","0"
"1123","itkbone02.mdl","0"
"1124","itkbone03.mdl","0"
"1125","itkfish01.mdl","1"
"1137","itkleaves01.mdl","0"
"1138","itkleaves02.mdl","0"
"1158","6smgrass01.mdl","0"
"1159","6smgrass02.mdl","0"
"1160","6smgrass03.mdl","0"
"1161","6smflower01.mdl","0"
"1162","6smgrass04.mdl","0"
"1163","6smcrop02.mdl","0"
"1164","6smcrop01.mdl","0"
"1165","6smgrass05.mdl","0"
"1168","6smcrop03.mdl","0"
"1186","6fwdrt01.mdl","1"
"1187","6fwdrt02.mdl","1"
"1188","6fwdrt03.mdl","1"
"1189","6fwdrt04.mdl","1"
"1190","6fwdrt05.mdl","1"
"1191","6fwdrt06.mdl","1"
"1192","6fwdrt07.mdl","1"
"1193","6fwdrt08.mdl","1"
"1194","6fwdrt09.mdl","1"
"1195","6fwgrs01.mdl","0"
"1196","6fwgrs02.mdl","0"
"1197","6fwroc01.mdl","1"
"1198","6fwroc02.mdl","1"
"1199","6fwroc03.mdl","1"
"1200","6fwsuc01.mdl","1"
"1201","6fwsuc02.mdl","1"
"1204","vebdea11.mdl","0"
"1206","vebdea12.mdl","0"
"1207","vebdea13.mdl","0"
"1208","vebdea14.mdl","0"
"1209","vebdea15.mdl","0"
"1210","vebdea16.mdl","0"
"1211","vebdea17.mdl","0"
"1215","6tdclover01.mdl","1"
"1216","6tddirt01.mdl","1"
"1217","6tddirt02.mdl","1"
"1218","6tdflower01.mdl","0"
"1219","6tdflower02.mdl","0"
"1220","6tdgrass01.mdl","0"
"1221","6tdgrass02.mdl","1"
"1222","6tdleaves01.mdl","1"
"1223","6tdpebble01.mdl","1"
"1224","6tdstick01.mdl","0"
"1225","6tdwaterplant01.mdl","0"
"1226","6tdwaterplant02.mdl","0"
"1227","6tdwildflower01.mdl","0"
"1228","6tdwildflower02.mdl","0"
"1229","6tdflower03.mdl","0"
"1230","6tdflower04.mdl","0"
"1235","ungbun01.mdl","0"
"1236","ungbun02.mdl","0"
"1242","6smflower02.mdl","0"
"1245","6smgrass06.mdl","0"
"1246","6smgrass07.mdl","0"
"1247","6smgrass08.mdl","0"
"1248","6smflower03.mdl","0"
"1249","6smroot01.mdl","0"
"1250","6smroot02.mdl","1"
"1255","6tddeadgrass01.mdl","0"
"1256","6tddeadgrass02.mdl","0"
"1257","6tddeadgrass03.mdl","0"
"1258","6tddeadgrass04.mdl","0"
"1267","6tjgrass01.mdl","1"
"1268","6tjgrass02.mdl","0"
"1270","6tjflower01.mdl","0"
"1271","6tjgrass03.mdl","0"
"1274","6tjroots01.mdl","0"
"1277","6smflower04.mdl","0"
"1278","6smflower05.mdl","0"
"1281","6tjleaf01.mdl","0"
"1282","6tjflower04.mdl","0"
"1283","6tjfern01.mdl","0"
"1284","6tjfern02.mdl","0"
"1287","6smrock01.mdl","1"
"1288","6smrock02.mdl","1"
"1289","6smrock03.mdl","1"
"1290","6smrock04.mdl","1"
"1294","6sagrass01.mdl","0"
"1295","6sagrass02.mdl","1"
"1296","6sagrass03.mdl","0"
"1297","6sagrass04.mdl","0"
"1298","6samulch01.mdl","1"
"1299","6samulch02.mdl","1"
"1300","6samulch03.mdl","1"
"1301","6sapebble01.mdl","0"
"1302","6sapebble02.mdl","0"
"1303","6sapod01.mdl","0"
"1304","6sapebble03.mdl","0"
"1306","6arflower01.mdl","0"
"1307","6argrass01.mdl","0"
"1308","6arpebble01.mdl","1"
"1309","6arpebble02.mdl","1"
"1310","6arrock01.mdl","1"
"1311","6arrock02.mdl","1"
"1312","6arroot01.mdl","0"
"1313","6arroot02.mdl","0"
"1314","6arweed01.mdl","0"
"1315","6arweed02.mdl","0"
"1318","6nggrass01.mdl","0"
"1319","6nggrass02.mdl","0"
"1320","6nggrass03.mdl","0"
"1321","6nggrass04.mdl","0"
"1322","6ngwheat01.mdl","0"
"1323","6ngwheat02.mdl","0"
"1324","6ngclover01.mdl","1"
"1325","6ngflower01.mdl","0"
"1328","6smflower01dead.mdl","0"
"1329","6smgrass03dead.mdl","0"
"1330","6smgrass04dead.mdl","0"
"1331","6smgrass03short.mdl","0"
"1332","6tdroc01.mdl","1"
"1333","6fwroc02.mdl","0"
"1334","6tdroc03.mdl","0"
"1335","6tdroc02.mdl","1"
"1336","6tdroc04.mdl","0"
"1337","6tdbra01.mdl","0"
"1338","6tdgra01.mdl","0"
"1341","6ngpebble01.mdl","1"
"1342","6ngpebble02.mdl","1"
"1343","6ngpebble03.mdl","1"
"1346","6arflower01dead.mdl","0"
"1347","6argrass01dead.mdl","0"
"1348","6arroot01dead.mdl","0"
"1349","6arroot02dead.mdl","0"
"1350","6arweed01dead.mdl","0"
"1351","6arweed02dead.mdl","0"
"1354","6ngwheat03.mdl","0"
"1355","6ngwheat04.mdl","0"
"1356","6nggrass05.mdl","0"
"1357","6nggrass06.mdl","0"
"1358","6nggrass07.mdl","0"
"1359","6ngshrub01.mdl","0"
"1360","6ngflower02.mdl","0"
"1361","6sadrygrass01.mdl","0"
"1362","6sadrygrass02.mdl","0"
"1363","6sadrygrass03.mdl","0"
"1364","6sadrygrass04.mdl","0"
"1365","6samulch04.mdl","0"
"1366","6sabramble01.mdl","1"
"1367","6sabramble02.mdl","1"
"1368","6sabramble03.mdl","0"
"1369","6sagrass05.mdl","0"
"1374","6ngpebble04.mdl","0"
"1375","6ngpebble05.mdl","0"
"1376","6ngpebble06.mdl","1"
"1381","6ngfloodclover01.mdl","0"
"1382","6ngfloodfern01.mdl","0"
"1383","6ngfloodflower01.mdl","0"
"1384","6ngfloodgrass01.mdl","0"
"1385","6ngfloodgrass02.mdl","0"
"1386","6ngfloodgrass03.mdl","0"
"1387","6ngfloodgrass04.mdl","0"
"1388","6ngfloodgrass05.mdl","0"
"1389","6ngfloodgrass06.mdl","0"
"1390","6ngfloodgrass07.mdl","0"
"1391","6ngfloodgrass08.mdl","0"
"1392","6ngfloodgrass09.mdl","0"
"1393","6ngfloodivy01.mdl","0"
"1394","6ngfloodmos01.mdl","0"
"1395","6ngfloodmos02.mdl","0"
"1400","6tdcor01.mdl","0"
"1401","6tdcor02.mdl","0"
"1402","6tdcor03.mdl","0"
"1403","6tdcor04.mdl","0"
"1405","6saflower01.mdl","0"
"1406","6saflower02.mdl","0"
"1407","6zgflower01.mdl","0"
"1408","6zggrass02.mdl","0"
"1409","6zgmushroom01.mdl","0"
"1410","6zgmushroom02.mdl","0"
"1411","6zgspore01.mdl","0"
"1412","6zgspore02.mdl","0"
"1413","vjweed06.mdl","0"
"1414","6smfaerieflower01.mdl","0"
"1415","6smfaeriegrass01.mdl","0"
"1416","6smfaeriegrass02.mdl","0"
"1419","6zgfungusgen01.mdl","0"
"1420","6zggrassgen01.mdl","0"
"1421","6zggrassgen02.mdl","0"
"1422","6zgspongegen01.mdl","1"
"1423","6zgsporegen01.mdl","0"
"1424","6sabush01.mdl","0"
"1427","7azgrass01.mdl","0"
"1428","7azgrass02.mdl","0"
"1429","7azgrass03.mdl","0"
"1430","7azgrass04.mdl","0"
"1431","6zgredmush05.mdl","1"
"1432","6zgredmush04.mdl","0"
"1433","6zgredmush02.mdl","0"
"1434","6armoss01.mdl","0"
"1435","6armoss02.mdl","0"
"1436","6armoss03.mdl","0"
"1437","6armoss04.mdl","0"
"1438","6arshrub01.mdl","0"
"1439","6arshrub02.mdl","0"
"1440","6arflower02.mdl","0"
"1441","6arfern01.mdl","0"
"1442","6arfern02.mdl","0"
"1443","7azgrass05.mdl","0"
"1444","7azgrass06.mdl","0"
"1446","7azflower01.mdl","0"
"1447","7azflower02.mdl","0"
"1448","7azflower03.mdl","0"
"1449","7azflower04.mdl","0"
"1450","7azweeds01.mdl","1"
"1451","7azweeds02.mdl","0"
"1452","7azbarnacle01.mdl","1"
"1453","7azmussel01.mdl","1"
"1454","7azmussel02.mdl","1"
"1455","7azanemone01.mdl","1"
"1456","7azanemone02.mdl","1"
"1457","7azanemone03.mdl","1"
"1458","7azmangrove01.mdl","0"
"1459","7azmangrove02.mdl","1"
"1460","6fwmos01.mdl","1"
"1461","6fwmos02.mdl","0"
"1462","6fwpebble01.mdl","0"
"1463","6fwrock02.mdl","0"
"1464","6fwrock03.mdl","0"
"1465","6fwpebble02.mdl","0"
"1469","6zgthinmushroom01.mdl","0"
"1470","7azmangrove03.mdl","1"
"1474","6arwaterplant01.mdl","0"
"1475","6arwaterplant02.mdl","0"
"1478","6smwaterplant01.mdl","0"
"1479","6smwaterplant02.mdl","0"
"1480","6tddeadgrass05.mdl","0"
"1481","6tddeadgrass06.mdl","0"
"1482","6tddeadgrass07.mdl","0"
"1483","6tjfern03.mdl","0"
"1484","6tjflower02.mdl","0"
"1485","6tjdeadgrass01.mdl","0"
"1486","6tjdeadvine01.mdl","0"
"1489","6samuck01.mdl","0"
"1490","6samuck02.mdl","0"
"1491","6samuck03.mdl","0"
"1492","6samuck04.mdl","0"
"1495","7anfern01.mdl","0"
"1496","7anfern02.mdl","0"
"1497","7anflower02.mdl","1"
"1498","7anflower01.mdl","0"
"1499","7angrass01.mdl","0"
"1500","7angrass02.mdl","0"
"1501","7anfern03.mdl","0"
"1502","7anbush01.mdl","0"
"1507","6asbramble01.mdl","0"
"1508","6asbramble02.mdl","0"
"1509","6asbramble03.mdl","0"
"1510","6asbranch01.mdl","0"
"1511","6asdeadgrass01.mdl","0"
"1512","6asdeadgrass02.mdl","0"
"1513","6asdeadgrass03.mdl","0"
"1514","6asdeadgrass04.mdl","0"
"1515","6asfern01.mdl","0"
"1516","6asflower01.mdl","0"
"1517","6asflower02.mdl","0"
"1518","6asflower03.mdl","0"
"1519","6asflower04.mdl","0"
"1520","6asgrass01.mdl","0"
"1521","6asgrass02.mdl","0"
"1522","6aspebble01.mdl","0"
"1523","6aspebble02.mdl","0"
"1524","6aspebble03.mdl","0"
"1525","6aspebble04.mdl","0"
"1526","6aspebble05.mdl","0"
"1527","6asrock01.mdl","0"
"1528","6assand01.mdl","0"
"1529","6assand02.mdl","0"
"1532","7azgrass07.mdl","0"
"1533","7azpebble01.mdl","1"
"1534","7azpebble02.mdl","1"
"1535","7azdrygrass01.mdl","0"
"1536","7azdrygrass02.mdl","0"
"1537","7azdrygrass03.mdl","0"
"1538","6zgspongegen02.mdl","1"
"1539","7vsfern01.mdl","1"
"1540","7vsfern02.mdl","1"
"1541","7vsflower01.mdl","1"
"1542","7vsflower02.mdl","1"
"1543","7vsflower03.mdl","1"
"1544","7vsplant01.mdl","1"
"1545","7vsplant02.mdl","1"
"1546","7vsplant03.mdl","1"
"1547","7vsshell01.mdl","1"
"1548","7vsshell02.mdl","1"
"1549","7vsshell03.mdl","1"
"1550","7xpshell01.mdl","1"
"1555","7xpshell02.mdl","1"
"1556","7xpshell03.mdl","1"
"1557","7xpshell04.mdl","0"
"1558","7xpshell05.mdl","0"
"1559","7hmbranch01.mdl","1"
"1560","7hmclover01.mdl","1"
"1561","7hmclover02.mdl","1"
"1562","7hmdirt01.mdl","1"
"1563","7hmflowers01.mdl","0"
"1564","7hmgrass01.mdl","1"
"1566","7hmgrass02.mdl","0"
"1567","7hmgrass03.mdl","0"
"1568","7hmgrass04.mdl","0"
"1571","7azforestivy01.mdl","0"
"1572","7azforestmoss01.mdl","0"
"1573","7azforestshrub01.mdl","0"
"1574","7azforestshrub02.mdl","0"
"1575","7hmpinecone01.mdl","1"
"1576","7hmmulch01.mdl","1"
"1577","7hmbush01.mdl","0"
"1578","7hmshrub01.mdl","0"
"1579","7vsgrass01.mdl","1"
"1580","7vsgrass02.mdl","1"
"1581","7vsgrass03.mdl","1"
"1582","7vsflower04.mdl","1"
"1583","7vsflower05.mdl","1"
"1584","6tjbush01.mdl","0"
"1585","6tjbush02.mdl","0"
"1586","6tjfern04.mdl","0"
"1587","6tjflower05.mdl","0"
"1588","6tjleaves01.mdl","1"
"1589","6tjleaves02.mdl","0"
"1590","6tjleaves03.mdl","0"
"1591","6tjleaves04.mdl","1"
"1592","6tjmushroom01.mdl","1"
"1593","6tjmushroom02.mdl","1"
"1594","6tjivy01.mdl","1"
"1595","7vsnightmareflower01.mdl","1"
"1596","7vsnightmareplant01.mdl","1"
"1597","7anflower03.mdl","1"
"1598","7angrass03.mdl","0"
"1599","7anleaf01.mdl","0"
"1600","7anleaf02.mdl","0"
"1601","7anleaf03.mdl","0"
"1602","7anmoss01.mdl","0"
"1603","7anmoss02.mdl","0"
"1604","7anmoss03.mdl","0"
"1605","7antwig01.mdl","0"
"1606","7anneedles01.mdl","0"
"1607","7anneedles02.mdl","0"
"1608","7anpebble01.mdl","1"
"1609","7anpebble02.mdl","1"
"1610","7anpebble03.mdl","1"
"1611","7anpebble04.mdl","1"
"1612","7anpebble05.mdl","1"
"1613","7anpebble06.mdl","1"
"1614","7anmoss04.mdl","0"
"1615","7anmoss05.mdl","0"
"1616","7ancone01.mdl","0"
"1617","7anbush02.mdl","0"
"1618","7anfern04.mdl","0"
"1619","7anpebble07.mdl","1"
"1620","7anpebble08.mdl","1"
"1621","7xpleycrystal01.mdl","1"
"1622","7xpleyflower01.mdl","0"
"1623","7xpleyflower02.mdl","0"
"1624","7xpleyflower03.mdl","0"
"1625","7xpleyshrub01.mdl","0"
"1626","7xpleyshrub02.mdl","0"
"1627","7xpleyshrub03.mdl","1"
"1628","7xpleyshrub04.mdl","0"
"1629","7vsnightmaregrass01.mdl","1"
"1630","7vsnightmaregrass02.mdl","1"
"1631","7vsnightmarefern01.mdl","1"
"1636","7anbarnacle01.mdl","0"
"1637","7anmoss06.mdl","0"
"1638","7anseaweed01.mdl","0"
"1639","7anthorn01.mdl","0"
"1649","7azsucculent01.mdl","0"
"1650","7xpleycrystal02.mdl","0"
"1651","7xpleycrystal03.mdl","0"
"1652","7xpleycrystal04.mdl","1"
"1653","7azsucculent02.mdl","0"
"1654","7azshrub01.mdl","0"
"1655","7azshrub02.mdl","0"
"1657","7vsmushroom01.mdl","1"
"1660","7vspebble01.mdl","1"
"1661","7vspebble02.mdl","1"
"1664","7azleaves01.mdl","0"
"1665","7azleaves02.mdl","0"
"1666","7azmulch01.mdl","0"
"1667","6tjswampbone01.mdl","0"
"1669","6tjswampgrass01.mdl","1"
"1670","6tjswampgrass02.mdl","1"
"1671","6tjswampgrass03.mdl","1"
"1672","6tjswampgrass04.mdl","1"
"1673","6tjswampleaves01.mdl","1"
"1674","6tjswampmoss02.mdl","1"
"1675","6tjswamproot02.mdl","1"
"1676","6tjswampstick01.mdl","0"
"1677","6tjswampstick02.mdl","0"
"1679","6tjpebble01.mdl","1"
"1680","6tjpebble02.mdl","1"
"1681","6tjfelbramble01.mdl","1"
"1682","6tjfelcrystal01.mdl","1"
"1683","6tjfelcrystal02.mdl","1"
"1684","6tjfelrock01.mdl","1"
"1685","6tjfelclover01.mdl","1"
"1686","6tjfelgrass01.mdl","1"
"1687","6tjfelgrass02.mdl","0"
"1688","7vsgrass04.mdl","1"
"1689","7vsgrass05.mdl","1"
"1690","7vsflower06.mdl","1"
"1691","7vspebble03.mdl","1"
"1692","7vsdrygrass01.mdl","1"
"1693","7vsdrygrass02.mdl","1"
"1695","7vsnightmareleaf01.mdl","1"
"1696","7vsnightmareleaf02.mdl","1"
"1697","7vsnightmareleaf03.mdl","1"
"1698","7vsmushroom02.mdl","1"
"1699","7vsmushroom03.mdl","1"
"1700","7vsleaves01.mdl","1"
"1701","7vsleaves02.mdl","1"
"1702","6tjswampwatersprigs01.mdl","1"
"1703","6tjswampwatersprigs02.mdl","1"
"1706","6tjswampmushroom01.mdl","1"
"1707","6tjswampfern01.mdl","1"
"1708","7anmoss07.mdl","1"
"1709","7anmoss08.mdl","1"
"1710","7anmoss09.mdl","1"
"1711","7anmoss10.mdl","1"
"1712","7vsdreamflower01.mdl","1"
"1713","7vsdreamflower02.mdl","1"
"1716","7anbone01.mdl","0"
"1717","7anbone02.mdl","0"
"1718","7anbone03.mdl","0"
"1719","7anbone04.mdl","0"
"1720","7anmoss11.mdl","0"
"1721","7anmoss12.mdl","0"
"1722","7anmoss13.mdl","0"
"1723","7anmoss14.mdl","0"
"1724","7hmdrygrass01.mdl","0"
"1725","7hmdrygrass02.mdl","1"
"1726","7hmrock01.mdl","1"
"1727","7hmrock02.mdl","1"
"1728","7hmrock03.mdl","1"
"1729","7hmrock04.mdl","1"
"1732","7vsnightmareroot01.mdl","1"
"1733","7vsnightmareroot02.mdl","1"
"1734","7vsnightmareroot03.mdl","1"
"1735","7vsnightmareplant02.mdl","1"
"1736","7vsnightmarebranch01.mdl","1"
"1737","7vsnightmarebranch02.mdl","1"
"1738","7vsnightmarerock01.mdl","1"
"1739","7vsnightmarerock02.mdl","1"
"1742","7srgrass01.mdl","0"
"1743","7srgrass02.mdl","0"
"1744","7srgrass03.mdl","0"
"1745","7srgrass04.mdl","0"
"1746","7srshrub01.mdl","0"
"1747","7srshrub02.mdl","1"
"1758","7xpbone01.mdl","1"
"1759","7xprock01.mdl","1"
"1760","7xprock02.mdl","1"
"1761","7xprock03.mdl","1"
"1762","7xpweed01.mdl","1"
"1763","7xpweed02.mdl","1"
"1764","7xpweed03.mdl","1"
"1765","7xpweed04.mdl","1"
"1766","7xpcrystal01.mdl","1"
"1767","7xpcrystal02.mdl","1"
"1768","7vsmoss01.mdl","1"
"1769","7vsmoss02.mdl","1"
"1770","7vsmoss03.mdl","1"
"1771","7srmoss01.mdl","1"
"1772","7srivy01.mdl","0"
"1773","7srbush01.mdl","0"
"1774","7srclover01.mdl","0"
"1775","7vsleaves03.mdl","1"
"1776","7vsleaves04.mdl","1"
"1777","7srflower01.mdl","0"
"1778","7srfern01.mdl","0"
"1779","7srclover02.mdl","1"
"1780","7hmcoastgrass01.mdl","0"
"1781","7hmcoastgrass02.mdl","0"
"1782","7hmcoastgrass03.mdl","0"
"1783","7srbush02.mdl","0"
"1784","7srfern02.mdl","0"
"1789","7srgrass05.mdl","0"
"1790","7srgrass06.mdl","0"
"1791","7srflower02.mdl","0"
"1792","7srshrub03.mdl","0"
"1794","7vspebble04.mdl","1"
"1795","7vspebble05.mdl","1"
"1801","7xpwaterplant01.mdl","0"
"1802","7xpwaterplant02.mdl","0"
"1803","7xpwaterplant03.mdl","0"
"1804","7xpwaterplant04.mdl","0"
"1809","7xpwaterplantred01.mdl","0"
"1810","7xpwaterplantred02.mdl","0"
"1811","7xpwaterplantred03.mdl","0"
"1812","7xpwaterplantred04.mdl","0"
"1814","7vsdreamflower03.mdl","1"
"1815","7vsdreamflower04.mdl","1"
"1816","7vsdreamflower06.mdl","1"
"1817","7azflower05.mdl","0"
"1818","7azflower06.mdl","0"
"1819","7vsdreamflower05.mdl","1"
"1820","7vsgardenflower01.mdl","1"
"1823","7vswaterplant01.mdl","1"
"1824","7vswaterplant02.mdl","1"
"1825","7vswaterplant03.mdl","1"
"1826","7xpdeadgrass01.mdl","0"
"1827","7xpdeadgrass02.mdl","0"
"1828","7xpdeadgrass03.mdl","0"
"1829","7xpdeadgrass04.mdl","0"
"1831","7xpgold01.mdl","0"
"1832","7xpgold02.mdl","1"
"1833","7xpsapphire01.mdl","1"
"1834","7xpruby01.mdl","1"
"1835","8kulmoss01.mdl","1"
"1836","8kulmoss02.mdl","1"
"1837","8kulrock02.mdl","1"
"1838","8kulrock03.mdl","1"
"1839","8kulshell01.mdl","1"
"1840","8kulshell02.mdl","1"
"1841","8kulshell03.mdl","1"
"1842","8kulshell04.mdl","1"
"1843","8zulfern01.mdl","1"
"1844","8zulfungus01.mdl","0"
"1845","8zulleave01.mdl","1"
"1846","8kulgrass01.mdl","0"
"1847","8kulgrass02.mdl","1"
"1848","8kulgrass03.mdl","1"
"1849","8kulgrass04.mdl","1"
"1852","8kulgrass05.mdl","0"
"1853","8kulgrass06.mdl","0"
"1854","8zulivy01.mdl","0"
"1855","8zulmoss01.mdl","1"
"1856","8zulgrass01.mdl","0"
"1857","8zulgrass02.mdl","0"
"1859","8desdirt01.mdl","1"
"1860","8desdirt02.mdl","1"
"1861","8despebble01.mdl","1"
"1862","8despebble02.mdl","1"
"1863","8despebble03.mdl","1"
"1864","8despebble04.mdl","1"
"1865","8desweed01.mdl","0"
"1866","8desweed02.mdl","0"
"1867","8kulgrass07.mdl","0"
"1868","8kulclover01.mdl","1"
"1869","8zulgrass03.mdl","1"
"1870","8zulflower01.mdl","1"
"1871","8zulfungus02.mdl","1"
"1872","8zulbush01.mdl","0"
"1873","8undfungus01.mdl","1"
"1874","8undfungus02.mdl","1"
"1875","8undgrass01.mdl","1"
"1876","8undgrass02.mdl","1"
"1879","8undbubble01.mdl","1"
"1880","8undbubble02.mdl","1"
"1881","8undmushroom01.mdl","0"
"1882","8undmushroom02.mdl","0"
"1883","8dessalt01.mdl","0"
"1884","8desgrowth01.mdl","0"
"1885","8desfossil01.mdl","0"
"1886","8desfossil02.mdl","0"
"1888","8undgrass03.mdl","1"
"1889","8undgrass04.mdl","1"
"1890","8swaclutter01.mdl","1"
"1891","8swaclutter02.mdl","1"
"1892","8swamoss01.mdl","0"
"1893","8swamoss02.mdl","0"
"1894","8swamoss03.mdl","0"
"1895","8swamoss04.mdl","1"
"1896","8swamoss05.mdl","0"
"1897","8swaplant01.mdl","0"
"1898","8swaplant02.mdl","0"
"1905","7argflower01.mdl","1"
"1906","7argflower02.mdl","1"
"1907","7argflower03.mdl","1"
"1908","7argflower04.mdl","1"
"1909","7argflower05.mdl","1"
"1910","7arggrass01.mdl","1"
"1911","7arggrass03.mdl","1"
"1912","7arggrass02.mdl","1"
"1913","7argpebble01.mdl","1"
"1914","7argmoss01.mdl","1"
"1915","7argmoss02.mdl","1"
"1916","7argmoss03.mdl","1"
"1917","7argmoss04.mdl","1"
"1918","7argmoss05.mdl","1"
"1919","7argpebble02.mdl","1"
"1924","8swagrass01.mdl","0"
"1925","8swareed01.mdl","0"
"1926","8swareed02.mdl","0"
"1927","8swaflower01.mdl","0"
"1928","8swaclutter03.mdl","1"
"1929","8swaplant03.mdl","0"
"1930","8swaplant04.mdl","0"
"1931","8swasprouts01.mdl","0"
"1932","7argmoss06.mdl","1"
"1933","7argmoss07.mdl","1"
"1934","7arggrass04.mdl","1"
"1935","7arggrass05.mdl","1"
"1936","7argflower01b.mdl","1"
"1937","7argflower03b.mdl","1"
"1938","7argflower04b.mdl","1"
"1939","7arggrass01b.mdl","1"
"1940","7arggrass02b.mdl","1"
"1941","7arggrass03b.mdl","1"
"1942","7argmoss01b.mdl","1"
"1943","7argmoss02b.mdl","1"
"1944","7argmoss03b.mdl","1"
"1945","7argmoss04b.mdl","1"
"1946","7argmoss05b.mdl","1"
"1947","7argpebble01b.mdl","1"
"1948","7argpebble02b.mdl","1"
"1949","8swagrass02.mdl","1"
"1950","8swabloodmoss01.mdl","1"
"1951","8swashrub01.mdl","1"
"1952","8swafungus01.mdl","1"
"1965","8swasticks01.mdl","1"
"1967","8swapebble01.mdl","1"
"1968","8swaclutter04.mdl","1"
"1970","8swacorruption01.mdl","1"
"1971","8swacorruption02.mdl","1"
"1972","7arggrass01_dry.mdl","1"
"1973","7argmoss01_dry.mdl","1"
"1974","7argmoss02_dry.mdl","1"
"1975","7argmoss03_dry.mdl","1"
"1978","7arggrass06.mdl","1"
"1979","7arggrass06.mdl","1"
"1980","7argleaves01.mdl","1"
"1981","7argleaves02.mdl","1"
"1982","7argleaves03.mdl","1"
"1983","7arggrass07.mdl","1"
"1985","8druredflower01.mdl","1"
"1986","8drumulch01.mdl","0"
"1987","8druleaf01.mdl","0"
"1988","8drudraygrass01.mdl","0"
"1991","7argbramble01.mdl","1"
"1992","7argbramble02.mdl","1"
"1993","7argbramblegrass01.mdl","1"
"1994","7argdeadcrystal01.mdl","1"
"1995","7argpetrock01.mdl","1"
"1996","7argpetrock02.mdl","1"
"1997","7argpetrock03.mdl","1"
"1998","7argrock01.mdl","1"
"1999","7argrock02.mdl","1"
"2000","7argrock03.mdl","1"
"2001","7argrock04.mdl","1"
"2002","7argrock05.mdl","1"
"2003","7argrock06.mdl","1"
"2004","7argrock07.mdl","1"
"2005","7argrock08.mdl","1"
"2006","7argpetrock04.mdl","1"
"2007","7argdeadbranch01.mdl","1"
"2008","8desoasis01.mdl","0"
"2009","8desoasis02.mdl","0"
"2010","8desoasis03.mdl","0"
"2011","8desoasis04.mdl","0"
"2013","7argbrokencrystal01.mdl","1"
"2014","7argbrokencrystal02.mdl","1"
"2015","7argcrystalplate01.mdl","1"
"2016","7argcrystalplate02.mdl","1"
"2017","8rivflower01.mdl","0"
"2018","8rivflower02.mdl","0"
"2019","8rivflower03.mdl","0"
"2020","8rivflower04.mdl","1"
"2021","8rivflower05.mdl","0"
"2022","8rivflower06.mdl","1"
"2023","8rivgrass01.mdl","0"
"2024","8rivgrass02.mdl","0"
"2025","8rivgrass03.mdl","0"
"2026","8drugrass01.mdl","0"
"2027","8drugrass02.mdl","0"
"2046","8rivdetaildoodad01.mdl","1"
"2047","8rivdetaildoodad02.mdl","1"
"2048","8rivdetaildoodad03.mdl","0"
"2049","8rivdetaildoodad04.mdl","1"
"2056","8druroot01.mdl","1"
"2057","8drubranch01.mdl","1"
"2058","8drumushrooms01.mdl","0"
"2059","8druredgrass01.mdl","0"
"2060","8druredgrass02.mdl","0"
"2061","8druroot02.mdl","1"
"2062","8druroot03.mdl","1"
"2063","8drusmallrocks01.mdl","1"
"2064","8drubramble01.mdl","1"
"2065","8drubramble02.mdl","1"
"2066","8drubranch02.mdl","1"
"2067","8druclover01.mdl","1"
"2068","8druclutter01.mdl","1"
"2069","8druleaf02.mdl","1"
"2070","8drumoss01.mdl","1"
"2071","8drumoss02.mdl","1"
"2072","8drupebble01.mdl","1"
"2073","8drurock01.mdl","1"
"2074","8drusapling01.mdl","1"
"2075","7argpebble03.mdl","1"
"2076","7argpetrock04.mdl","1"
"2078","7xpazeriterock02.mdl","1"
"2079","7xpazeriterock01.mdl","0"
"2080","7xpazeritegem02.mdl","1"
"2081","7xpazeritegem01.mdl","1"
"2082","8kulclover02.mdl","1"
"2083","8rivflower07.mdl","0"
"2084","8kullichen01.mdl","1"
"2085","8kullichen02.mdl","1"
"2086","8kullichen03.mdl","0"
"2087","8kullichen04.mdl","1"
"2088","8kulgrass09.mdl","0"
"2089","8kulreed01.mdl","0"
"2090","8kulrubble01.mdl","1"
"2091","8kulrubble02.mdl","1"
"2092","8kulrubble03.mdl","1"
"2093","8kulwildflowers01.mdl","0"
"2094","8kulbarnacle01.mdl","1"
"2095","8kulseamoss01.mdl","1"
"2096","8kulmetalpipe01.mdl","0"
"2097","8kulmetalbarrel01.mdl","0"
"2098","8kulmetal01.mdl","0"
"2099","8kulgear01.mdl","1"
"2100","8rivbarley01.mdl","0"
"2101","8rivbarley02.mdl","0"
"2102","8rivbarley03.mdl","0"
"2103","7xpazeriterock03.mdl","1"
"2104","7xpazeriterock04.mdl","1"
"2105","7xpazeriterock05.mdl","1"
"2106","7xpazeriterock06.mdl","1"
"2107","7xpazeriterock01.mdl","1"
"2108","7xpazeriterock02.mdl","1"
"2109","7xpazeritegem01.mdl","1"
"2110","7xpazeritegem02.mdl","1"
"2111","8rivbramblegrass01.mdl","0"
"2112","8rivbramble02.mdl","0"
"2113","8rivbramble03.mdl","0"
"2114","8rivbramble01.mdl","0"
"2115","8rivrubblegrass01.mdl","0"
"2116","8rivrubblerock01.mdl","1"
"2117","8drucrimclutter01.mdl","1"
"2118","8drucrimclutter02.mdl","0"
"2119","8drucrimclutter03.mdl","1"
"2120","8rivflower08.mdl","0"
"2121","8rivflower09.mdl","0"
"2122","8rivflower10.mdl","0"
"2123","8rivflower11.mdl","0"
"2124","8rivflower12.mdl","0"
"2125","8rivpotatosprouts01.mdl","1"
"2126","8rivpotatosprouts02.mdl","1"
"2127","8rivpotatosprouts03.mdl","1"
"2128","8unddarkbubble01.mdl","0"
"2129","8unddarkbubble02.mdl","0"
"2130","8unddarkfungus01.mdl","1"
"2131","8unddarkfungus02.mdl","1"
"2132","8unddarkgrass01.mdl","1"
"2133","8unddarkgrass02.mdl","1"
"2134","8unddarkgrass03.mdl","1"
"2135","8unddarkgrass04.mdl","1"
"2136","8unddarkgrass05.mdl","1"
"2137","8unddarkmushroom01.mdl","0"
"2138","8unddarkmushroom02.mdl","0"
"3766","8rivgrass04.mdl","0"
"3767","8rivclover01.mdl","1"
"3768","8rivwildflower02.mdl","0"
"3769","8rivwildflower01.mdl","0"
"3770","8swapebble03.mdl","1"
"3771","8swapebble04.mdl","1"
"3772","8swabranch01.mdl","1"
"3773","8swaclutter06.mdl","1"
"3774","8rivpebbles01.mdl","1"
"3775","8rivpebbles02.mdl","1"
"3776","8rivshell01.mdl","1"
"3777","8rivshell02.mdl","1"
"3878","8rivwaterplant01.mdl","1"
"3879","8rivwaterplant02.mdl","1"
"3880","8rivwaterstone01.mdl","1"
"3881","8rivwaterstone02.mdl","1"
"3882","8xparathigrass01.mdl","1"
"3883","8xparathigrass02.mdl","1"
"3884","8xparathigrass03.mdl","1"
"3885","8xparathigrass04.mdl","1"
"3886","8rivdirt01.mdl","1"
"3887","8rivdirt02.mdl","1"
"3888","8kullichen05.mdl","0"
"3889","8kullichen06.mdl","0"
"3890","8kullichen07.mdl","0"
"3891","8kullichen08.mdl","0"
"3892","8kulmetalblue01.mdl","1"
"3893","8kulsawdustchip04.mdl","0"
"3894","8kulsawdustchip03.mdl","0"
"3895","8kulsawdustchip02.mdl","0"
"3896","8kulsawdustchip01.mdl","0"
"3897","8drkfern01.mdl","1"
"3898","8drkflowers01.mdl","1"
"3899","8drkflowers02.mdl","1"
"3900","8drkflowers03.mdl","1"
"3901","8drkflowers04.mdl","1"
"3902","8drkflowers05.mdl","1"
"3903","8drkflowers06.mdl","1"
"3904","8drkgrass01.mdl","1"
"3905","8drkgrass02.mdl","1"
"3906","8drkgrass03.mdl","1"
"3907","8drkgrass04.mdl","1"
"3908","8drkleafyplant01.mdl","1"
"3909","8drkleafyplant02.mdl","1"
"3910","8drkshrub01.mdl","1"
"3911","8nzjcoralforestclump01.mdl","1"
"3912","8nzjcoralforestclump02.mdl","1"
"3913","8nzjcoralforestclump03.mdl","1"
"3914","8nzjcoralforestclump04.mdl","1"
"3915","8pvparathigrass01.mdl","0"
"3916","8pvparathigrass02.mdl","0"
"3917","8pvparathigrass03.mdl","0"
"3918","8pvparathigrass04.mdl","0"
"3919","8pvparathiclover01.mdl","1"
"3920","8pvparathiclover02.mdl","1"
"3921","8pvparathiflower01.mdl","0"
"3922","8pvparathipebble01.mdl","1"
"3923","8pvparathithistle01.mdl","0"
"3924","8nzjkelpgrass01.mdl","0"
"3925","8nzjkelpgrass02.mdl","0"
"3926","8nzjkelpgrass03.mdl","0"
"3927","8nzjkelpgrass04.mdl","1"
"3928","8nzjkelpgrass05.mdl","1"
"3929","8nzjkelpgrass06.mdl","1"
"3930","8nzjkelpgrass07.mdl","1"
"3931","8nzjkelpgrass08.mdl","1"
"3944","pvpwarsongfern01.mdl","1"
"3945","pvpwarsongfern02.mdl","1"
"3946","pvpwarsongfern03.mdl","1"
"3947","pvpwarsongflower01.mdl","1"
"3948","pvpwarsongflower02.mdl","1"
"3949","pvpwarsonggrass01.mdl","1"
"3950","pvpwarsongivy01.mdl","1"
"3951","pvpwarsongivy02.mdl","1"
"3952","pvpwarsongrock01.mdl","1"
"3953","pvpwarsongrock02.mdl","1"
"3954","pvpwarsongrock03.mdl","1"
"3955","8nzjanenome01.mdl","1"
"3956","8nzjbush01.mdl","0"
"3957","8nzjcoralclump01.mdl","1"
"3958","8nzjcoralshells01.mdl","1"
"3959","8nzjcitrineclump01.mdl","1"
"3960","8nzjcitrineclump02.mdl","1"
"3961","8nzjcitrineclump03.mdl","1"
"3963","8nzjmollusk01.mdl","1"
"3964","8nzjmollusk02.mdl","1"
"3965","8nzjmollusk03.mdl","1"
"3966","8nzjmollusk04.mdl","1"
"3968","8barbush01.mdl","1"
"3969","8bardrygrass01.mdl","1"
"3970","8bardrygrass02.mdl","1"
"3971","8bardrygrass03.mdl","0"
"3972","8bardrygrass04.mdl","0"
"3973","8bardrygrass05.mdl","0"
"3974","8bardrygrass06.mdl","0"
"3975","8pvparathidirt01.mdl","0"
"3976","8pvparathidirt02.mdl","0"
"3977","9plngrass03.mdl","1"
"3978","9plngrass02.mdl","1"
"3979","9plngrass01.mdl","1"
"3980","9casivy01.mdl","1"
"3981","9casivy02.mdl","1"
"3982","9casivy03.mdl","1"
"3983","9casivy04.mdl","1"
"3984","9casmulch01.mdl","1"
"3985","9casmulch02.mdl","1"
"3986","9casmulch03.mdl","1"
"3987","9casrock01.mdl","1"
"3988","9casrock02.mdl","1"
"3989","9casroot01.mdl","1"
"3990","9casroot02.mdl","1"
"3991","9casroot03.mdl","1"
"3992","9casroot04.mdl","1"
"3993","8nzjkelpgrass09.mdl","1"
"3994","8nzjalgaeclump01.mdl","1"
"3995","8nzjalgaeclump02.mdl","1"
"3996","8nzjcoralclump02.mdl","1"
"3997","8nzjventrocks01.mdl","1"
"3998","8nzjventsand01.mdl","1"
"3999","8nzjventshells01.mdl","1"
"4000","8nzjventshells02.mdl","1"
"4001","9plnmoss01.mdl","0"
"4002","9plnmoss02.mdl","0"
"4003","9plnfeather01.mdl","0"
"4004","9plnfeather02.mdl","0"
"4005","9plnfeather03.mdl","0"
"4006","9plnfeather04.mdl","0"
"4007","9plnfeatherred01.mdl","0"
"4008","9plngrass04.mdl","0"
"4009","9plngrass05.mdl","0"
"4010","9plngrass06.mdl","0"
"4011","9plnplant01.mdl","0"
"4012","9plnplant02.mdl","0"
"4013","9plnwaterplant01.mdl","1"
"4014","9plnwaterplant02.mdl","1"
"4015","9plnwaterplant03.mdl","1"
"4016","9plnwaterplant04.mdl","1"
"4017","9casdrymoss01.mdl","1"
"4018","9casdrymoss02.mdl","1"
"4019","9casdrymoss03.mdl","1"
"4020","9casdrypebble01.mdl","1"
"4021","9plndirt01.mdl","1"
"4022","9plndirt02.mdl","1"
"4023","9plnpebble01.mdl","1"
"4024","9plnpebble02.mdl","1"
"4025","9casashyflake01.mdl","1"
"4026","9casashyflake02.mdl","1"
"4027","9casashyflower01.mdl","0"
"4028","9casashygrass01.mdl","0"
"4031","9plnflower01.mdl","1"
"4032","9plnflower02.mdl","1"
"4033","9plnflower03.mdl","1"
"4034","9plnflower04.mdl","0"
"4036","9castendril01.mdl","1"
"4037","9casrock03.mdl","1"
"4038","9casfungus01.mdl","1"
"4039","9casgrass01.mdl","1"
"4040","9casmoss01.mdl","1"
"4041","9casfungus02.mdl","1"
"4042","9casfungus03.mdl","1"
"4043","9casleafy01.mdl","1"
"4044","9malmoss01.mdl","1"
"4045","9malmoss02.mdl","1"
"4046","9malmoss03.mdl","1"
"4047","9malmoss04.mdl","1"
"4048","9malpebble01.mdl","1"
"4049","9malpebble02.mdl","1"
"4050","9malpebble03.mdl","1"
"4051","9malpebble04.mdl","1"
"4052","9ardaccent01.mdl","0"
"4053","9ardfern01.mdl","1"
"4054","9ardshrub01.mdl","1"
"4055","9ardstars01.mdl","1"
"4056","9ardaccent02.mdl","1"
"4057","9ardmushrooms01.mdl","1"
"4058","9ardshrub02.mdl","1"
"4059","9ardflowers01.mdl","1"
"4062","9ardmushrooms02.mdl","1"
"4063","9ardleaves01.mdl","1"
"4064","9ardroots01.mdl","1"
"4065","9ardshrub03.mdl","1"
"4066","9ardmoss01.mdl","1"
"4067","9ardmoss02.mdl","1"
"4068","9ardaccent03.mdl","1"
"4069","9ardflowers02.mdl","1"
"4070","9malbone01.mdl","1"
"4071","9malbone02.mdl","1"
"4072","9malbone03.mdl","1"
"4073","9malbone04.mdl","1"
"4074","9malmoss05.mdl","1"
"4075","9malmoss06.mdl","1"
"4076","9malmoss07.mdl","1"
"4077","9malmoss08.mdl","1"
"4078","9malbone05.mdl","1"
"4079","9malbone06.mdl","1"
"4080","9malbone07.mdl","1"
"4081","9malbone08.mdl","1"
"4082","9malpebble05.mdl","1"
"4083","9malpebble06.mdl","1"
"4084","9malpebble07.mdl","1"
"4085","9malpebble08.mdl","1"
"4086","9casmoatbulb01.mdl","1"
"4087","9casmoatfungus01.mdl","1"
"4088","9casmoatroot01.mdl","1"
"4089","9casmoatshrub01.mdl","1"
"4090","9malpebble09.mdl","1"
"4091","9malpebble10.mdl","1"
"4092","9malpebble11.mdl","1"
"4093","9malpebble12.mdl","1"
"4094","9ardstars02.mdl","1"
"4095","9ardroots02.mdl","1"
"4096","9ardleaves02.mdl","1"
"4097","9ardleaves03.mdl","1"
"4098","9ardlilypad01.mdl","1"
"4099","9ardlilypad02.mdl","1"
"4100","9ardleafy01.mdl","1"
"4101","9ardclover01.mdl","1"
"4102","9plngrassshort01.mdl","1"
"4103","9plngrassshort02.mdl","1"
"4104","9plngrassshort03.mdl","1"
"4105","9plnflower05.mdl","1"
"4106","9ardstars03.mdl","0"
"4107","9arddepletedleaves01.mdl","1"
"4108","9arddepletedleaves02.mdl","1"
"4109","9ardreeds01.mdl","0"
"4112","9arddepleteddeadplants01.mdl","1"
"4113","9arddepleteddeadplants02.mdl","1"
"4114","9casivy05.mdl","1"
"4115","9casivy06.mdl","0"
"4116","9casivy07.mdl","0"
"4117","9casivy08.mdl","0"
"4120","9plndeadgrass01.mdl","0"
"4121","9plndeadgrass02.mdl","0"
"4122","9plndeadgrass03.mdl","0"
"4123","9plndeadgrass04.mdl","0"
"4124","9plnpebble05.mdl","1"
"4125","9plnpebble06.mdl","1"
"4126","9mawrocks01.mdl","1"
"4127","9mawrocks02.mdl","1"
"4128","9mawrocks03.mdl","1"
"4129","9mawpebble01.mdl","1"
"4130","9mawpebble02.mdl","1"
"4131","9mawspikes01.mdl","1"
"4132","9mawspikes02.mdl","1"
"4133","9mawrocks04.mdl","1"
"4134","9malsinew01.mdl","1"
"4135","9malsinew02.mdl","1"
"4136","9malsinew03.mdl","1"
"4137","9malsinew04.mdl","1"
"4138","9malpebble13.mdl","1"
"4142","9arddepletedroot01.mdl","1"
"4143","9arddepletedroot02.mdl","1"
"4144","9arddepletedroot03.mdl","1"
"4154","9arddepleteddeadplants03.mdl","1"
"4155","9plnbud01.mdl","0"
"4156","9plnbud02.mdl","0"
"4157","9plnbud03.mdl","0"
